Time of Measurement,Weight(kg),BMI,Body Fat(%),Subcutaneous Fat(%),Visceral Fat,Body Water(%),Skeletal Muscle(%),Muscle Mass(kg),Bone Mass(kg),Protein(%),BMR(kcal),Metabolic Age
2026-09-07 07:25:12,96.7,30.6,29.2,24.9,13,50.5,33.2,64.8,3.4,15.9,1830,58
2026-09-08 07:48:12,97.0,30.7,29.4,25.1,13,50.0,33.6,65.0,3.4,15.9,1837,58
2026-09-09 07:16:12,97.1,30.7,30.2,25.9,13,50.2,34.0,65.1,3.4,15.9,1846,58
2026-09-10 07:12:12,97.0,30.7,30.2,25.9,13,50.1,33.4,65.0,3.4,15.9,1847,58
2026-09-11 07:23:12,97.1,30.7,30.2,25.9,13,50.0,33.7,65.1,3.4,15.9,1843,58
2026-09-12 07:30:12,96.6,30.6,29.1,24.8,13,50.2,34.0,64.7,3.4,15.9,1846,58
2026-09-12 21:40:02,97.5,30.8,29.7,25.2,13,50.1,33.4,64.7,3.4,15.8,1850,58
2026-09-13 07:00:12,96.9,30.7,30.1,25.8,13,51.0,33.7,64.9,3.4,15.9,1847,58
2026-09-14 07:26:12,96.7,30.6,29.5,25.2,13,50.4,33.4,64.8,3.4,15.9,1839,58
2026-09-15 07:51:12,96.0,30.4,29.1,24.8,13,50.0,33.1,64.3,3.4,15.9,1842,58
2026-09-16 07:30:12,96.0,30.4,29.5,25.2,13,50.7,33.2,64.3,3.4,15.9,1843,58
2026-09-17 07:40:12,95.7,30.3,30.1,25.8,13,50.7,33.4,64.1,3.4,15.9,1837,58
2026-09-18 07:35:12,96.3,30.5,29.1,24.8,13,50.1,33.4,64.5,3.4,15.9,1846,58
2026-09-19 07:37:12,96.1,30.4,29.0,24.7,13,50.6,33.3,64.4,3.4,15.9,1836,58
2026-09-20 07:02:12,95.5,30.2,29.2,24.9,13,50.3,33.2,64.0,3.4,15.9,1849,58
